,in domain,ood,total count,common count,msp only count,pps only count,common ratio,msp only ratio,pps only ratio
0,imdb,sst2,17207,6013,10212,982,0.34945080490498054,0.5934793979194514,0.05706979717556808
1,imdb,snli,19366,2666,632,16068,0.13766394712382526,0.032634514096870806,0.829701538779304
2,imdb,counterfactual-imdb,19681,15202,1169,3310,0.772420100604644,0.059397388344088205,0.16818251105126772
3,imdb,rte,19765,4029,43,15693,0.20384518087528458,0.0021755628636478622,0.7939792562610676
4,sst2,imdb,2876,183,1558,1135,0.06363004172461753,0.5417246175243393,0.3946453407510431
5,sst2,snli,1294,99,633,562,0.07650695517774343,0.4891808346213292,0.43431221020092736
6,sst2,counterfactual-imdb,699,42,527,130,0.060085836909871244,0.753934191702432,0.1859799713876967
7,sst2,rte,371,92,181,98,0.24797843665768193,0.48787061994609165,0.2641509433962264
