,in domain,ood,total count,common count,msp only count,pps only count,common ratio,msp only ratio,pps only ratio
0,imdb,sst2,84,4,40,40,0.047619047619047616,0.47619047619047616,0.47619047619047616
1,imdb,snli,987,11,487,489,0.011144883485309016,0.49341438703140833,0.49544072948328266
2,imdb,counterfactual-imdb,232,12,110,110,0.05172413793103448,0.47413793103448276,0.47413793103448276
3,imdb,rte,28,0,14,14,0.0,0.5,0.5
4,sst2,imdb,2368,132,1118,1118,0.05574324324324324,0.4721283783783784,0.4721283783783784
5,sst2,snli,979,21,479,479,0.021450459652706845,0.48927477017364657,0.48927477017364657
6,sst2,counterfactual-imdb,237,7,115,115,0.029535864978902954,0.48523206751054854,0.48523206751054854
7,sst2,rte,27,1,13,13,0.037037037037037035,0.48148148148148145,0.48148148148148145
