,in domain,ood,total count,common count,msp only count,pps only count,common ratio,msp only ratio,pps only ratio
0,imdb,snli,9989,9010,489,490,0.9019921914105516,0.048953849234157576,0.04905395935529082
1,imdb,rte,277,249,14,14,0.8989169675090253,0.05054151624548736,0.05054151624548736
2,sst2,snli,9979,9021,479,479,0.9039983966329291,0.048000801683535425,0.048000801683535425
3,sst2,rte,276,250,13,13,0.9057971014492754,0.04710144927536232,0.04710144927536232
